[
    {
        "Date": "2020/08/17",
        "ARIMA": 159.1205
    },
    {
        "Date": "2020/08/18",
        "ARIMA": 165.6245
    },
    {
        "Date": "2020/08/19",
        "ARIMA": 163.024
    },
    {
        "Date": "2020/08/20",
        "ARIMA": 164.8685
    },
    {
        "Date": "2020/08/21",
        "ARIMA": 164.236
    },
    {
        "Date": "2020/08/24",
        "ARIMA": 165.373
    },
    {
        "Date": "2020/08/25",
        "ARIMA": 167.3245
    },
    {
        "Date": "2020/08/26",
        "ARIMA": 172.0925
    },
    {
        "Date": "2020/08/27",
        "ARIMA": 170.0
    },
    {
        "Date": "2020/08/28",
        "ARIMA": 170.09
    },
    {
        "Date": "2020/08/31",
        "ARIMA": 172.548
    },
    {
        "Date": "2020/09/01",
        "ARIMA": 174.956
    },
    {
        "Date": "2020/09/02",
        "ARIMA": 176.5725
    },
    {
        "Date": "2020/09/03",
        "ARIMA": 168.4
    },
    {
        "Date": "2020/09/04",
        "ARIMA": 164.731
    },
    {
        "Date": "2020/09/08",
        "ARIMA": 157.492
    },
    {
        "Date": "2020/09/09",
        "ARIMA": 163.4305
    },
    {
        "Date": "2020/09/10",
        "ARIMA": 158.7555
    },
    {
        "Date": "2020/09/11",
        "ARIMA": 155.811
    },
    {
        "Date": "2020/09/14",
        "ARIMA": 155.1485
    },
    {
        "Date": "2020/09/15",
        "ARIMA": 157.8065
    },
    {
        "Date": "2020/09/16",
        "ARIMA": 153.905
    },
    {
        "Date": "2020/09/17",
        "ARIMA": 150.4365
    },
    {
        "Date": "2020/09/18",
        "ARIMA": 147.7455
    },
    {
        "Date": "2020/09/21",
        "ARIMA": 148.0235
    },
    {
        "Date": "2020/09/22",
        "ARIMA": 156.4495
    },
    {
        "Date": "2020/09/23",
        "ARIMA": 149.993
    },
    {
        "Date": "2020/09/24",
        "ARIMA": 150.9895
    },
    {
        "Date": "2020/09/25",
        "ARIMA": 154.7565
    },
    {
        "Date": "2020/09/28",
        "ARIMA": 158.7025
    },
    {
        "Date": "2020/09/29",
        "ARIMA": 157.244
    },
    {
        "Date": "2020/09/30",
        "ARIMA": 157.4365
    },
    {
        "Date": "2020/10/01",
        "ARIMA": 161.063
    },
    {
        "Date": "2020/10/02",
        "ARIMA": 156.25
    },
    {
        "Date": "2020/10/05",
        "ARIMA": 159.96
    },
    {
        "Date": "2020/10/06",
        "ARIMA": 154.998
    },
    {
        "Date": "2020/10/07",
        "ARIMA": 159.7845
    },
    {
        "Date": "2020/10/08",
        "ARIMA": 159.5275
    },
    {
        "Date": "2020/10/09",
        "ARIMA": 164.3325
    },
    {
        "Date": "2020/10/12",
        "ARIMA": 172.1465
    },
    {
        "Date": "2020/10/13",
        "ARIMA": 172.1815
    },
    {
        "Date": "2020/10/14",
        "ARIMA": 168.1855
    },
    {
        "Date": "2020/10/15",
        "ARIMA": 166.9325
    },
    {
        "Date": "2020/10/16",
        "ARIMA": 163.6355
    },
    {
        "Date": "2020/10/19",
        "ARIMA": 160.3605
    },
    {
        "Date": "2020/10/20",
        "ARIMA": 160.8505
    },
    {
        "Date": "2020/10/21",
        "ARIMA": 159.247
    },
    {
        "Date": "2020/10/22",
        "ARIMA": 158.82
    },
    {
        "Date": "2020/10/23",
        "ARIMA": 160.22
    },
    {
        "Date": "2020/10/26",
        "ARIMA": 160.352
    },
    {
        "Date": "2020/10/27",
        "ARIMA": 164.3165
    },
    {
        "Date": "2020/10/28",
        "ARIMA": 158.139
    },
    {
        "Date": "2020/10/29",
        "ARIMA": 160.5505
    },
    {
        "Date": "2020/10/30",
        "ARIMA": 151.8075
    },
    {
        "Date": "2020/11/02",
        "ARIMA": 150.224
    },
    {
        "Date": "2020/11/03",
        "ARIMA": 152.4205
    },
    {
        "Date": "2020/11/04",
        "ARIMA": 162.058
    },
    {
        "Date": "2020/11/05",
        "ARIMA": 166.1
    },
    {
        "Date": "2020/11/06",
        "ARIMA": 165.5685
    },
    {
        "Date": "2020/11/09",
        "ARIMA": 157.187
    },
    {
        "Date": "2020/11/10",
        "ARIMA": 151.751
    },
    {
        "Date": "2020/11/11",
        "ARIMA": 156.8695
    },
    {
        "Date": "2020/11/12",
        "ARIMA": 155.514
    },
    {
        "Date": "2020/11/13",
        "ARIMA": 156.4405
    },
    {
        "Date": "2020/11/16",
        "ARIMA": 156.553
    },
    {
        "Date": "2020/11/17",
        "ARIMA": 156.783
    },
    {
        "Date": "2020/11/18",
        "ARIMA": 155.273
    },
    {
        "Date": "2020/11/19",
        "ARIMA": 155.851
    },
    {
        "Date": "2020/11/20",
        "ARIMA": 154.97
    },
    {
        "Date": "2020/11/23",
        "ARIMA": 154.9195
    },
    {
        "Date": "2020/11/24",
        "ARIMA": 155.903
    },
    {
        "Date": "2020/11/25",
        "ARIMA": 159.2535
    },
    {
        "Date": "2020/11/27",
        "ARIMA": 159.767
    },
    {
        "Date": "2020/11/30",
        "ARIMA": 158.402
    },
    {
        "Date": "2020/12/01",
        "ARIMA": 161.004
    },
    {
        "Date": "2020/12/02",
        "ARIMA": 160.1765
    },
    {
        "Date": "2020/12/03",
        "ARIMA": 159.3365
    },
    {
        "Date": "2020/12/04",
        "ARIMA": 158.129
    },
    {
        "Date": "2020/12/07",
        "ARIMA": 157.9
    },
    {
        "Date": "2020/12/08",
        "ARIMA": 158.8645
    },
    {
        "Date": "2020/12/09",
        "ARIMA": 155.21
    },
    {
        "Date": "2020/12/10",
        "ARIMA": 155.0745
    },
    {
        "Date": "2020/12/11",
        "ARIMA": 155.821
    },
    {
        "Date": "2020/12/14",
        "ARIMA": 157.8485
    },
    {
        "Date": "2020/12/15",
        "ARIMA": 158.256
    },
    {
        "Date": "2020/12/16",
        "ARIMA": 162.048
    },
    {
        "Date": "2020/12/17",
        "ARIMA": 161.804
    },
    {
        "Date": "2020/12/18",
        "ARIMA": 160.0825
    },
    {
        "Date": "2020/12/21",
        "ARIMA": 160.309
    },
    {
        "Date": "2020/12/22",
        "ARIMA": 160.326
    },
    {
        "Date": "2020/12/23",
        "ARIMA": 159.2635
    },
    {
        "Date": "2020/12/24",
        "ARIMA": 158.6345
    },
    {
        "Date": "2020/12/28",
        "ARIMA": 164.198
    },
    {
        "Date": "2020/12/29",
        "ARIMA": 166.1
    },
    {
        "Date": "2020/12/30",
        "ARIMA": 164.2925
    },
    {
        "Date": "2020/12/31",
        "ARIMA": 162.8465
    },
    {
        "Date": "2021/01/04",
        "ARIMA": 159.3315
    },
    {
        "Date": "2021/01/05",
        "ARIMA": 160.9255
    },
    {
        "Date": "2021/01/06",
        "ARIMA": 156.919
    },
    {
        "Date": "2021/01/07",
        "ARIMA": 158.108
    },
    {
        "Date": "2021/01/08",
        "ARIMA": 159.135
    },
    {
        "Date": "2021/01/11",
        "ARIMA": 155.7105
    },
    {
        "Date": "2021/01/12",
        "ARIMA": 156.0415
    },
    {
        "Date": "2021/01/13",
        "ARIMA": 158.2945
    },
    {
        "Date": "2021/01/14",
        "ARIMA": 156.3735
    },
    {
        "Date": "2021/01/15",
        "ARIMA": 155.2125
    },
    {
        "Date": "2021/01/19",
        "ARIMA": 156.038
    },
    {
        "Date": "2021/01/20",
        "ARIMA": 163.169
    },
    {
        "Date": "2021/01/21",
        "ARIMA": 165.3495
    },
    {
        "Date": "2021/01/22",
        "ARIMA": 164.6115
    },
    {
        "Date": "2021/01/25",
        "ARIMA": 164.7
    },
    {
        "Date": "2021/01/26",
        "ARIMA": 166.3065
    },
    {
        "Date": "2021/01/27",
        "ARIMA": 161.629
    },
    {
        "Date": "2021/01/28",
        "ARIMA": 161.881
    },
    {
        "Date": "2021/01/29",
        "ARIMA": 160.31
    },
    {
        "Date": "2021/02/01",
        "ARIMA": 167.144
    },
    {
        "Date": "2021/02/02",
        "ARIMA": 169.0
    },
    {
        "Date": "2021/02/03",
        "ARIMA": 165.6265
    },
    {
        "Date": "2021/02/04",
        "ARIMA": 166.55
    },
    {
        "Date": "2021/02/05",
        "ARIMA": 167.6075
    },
    {
        "Date": "2021/02/08",
        "ARIMA": 166.147
    },
    {
        "Date": "2021/02/09",
        "ARIMA": 165.25
    },
    {
        "Date": "2021/02/10",
        "ARIMA": 164.329
    },
    {
        "Date": "2021/02/11",
        "ARIMA": 163.1065
    },
    {
        "Date": "2021/02/12",
        "ARIMA": 163.8855
    },
    {
        "Date": "2021/02/16",
        "ARIMA": 163.4475
    },
    {
        "Date": "2021/02/17",
        "ARIMA": 165.432
    },
    {
        "Date": "2021/02/18",
        "ARIMA": 166.4115
    },
    {
        "Date": "2021/02/19",
        "ARIMA": 162.495
    },
    {
        "Date": "2021/02/22",
        "ARIMA": 159.037
    },
    {
        "Date": "2021/02/23",
        "ARIMA": 159.725
    },
    {
        "Date": "2021/02/24",
        "ARIMA": 157.9765
    },
    {
        "Date": "2021/02/25",
        "ARIMA": 152.858
    },
    {
        "Date": "2021/02/26",
        "ARIMA": 154.6465
    },
    {
        "Date": "2021/03/01",
        "ARIMA": 157.307
    },
    {
        "Date": "2021/03/02",
        "ARIMA": 154.7265
    },
    {
        "Date": "2021/03/03",
        "ARIMA": 150.25
    },
    {
        "Date": "2021/03/04",
        "ARIMA": 148.8785
    },
    {
        "Date": "2021/03/05",
        "ARIMA": 150.023
    },
    {
        "Date": "2021/03/08",
        "ARIMA": 147.5975
    },
    {
        "Date": "2021/03/09",
        "ARIMA": 153.1425
    },
    {
        "Date": "2021/03/10",
        "ARIMA": 152.882
    },
    {
        "Date": "2021/03/11",
        "ARIMA": 155.6795
    },
    {
        "Date": "2021/03/12",
        "ARIMA": 154.4745
    },
    {
        "Date": "2021/03/15",
        "ARIMA": 154.084
    },
    {
        "Date": "2021/03/16",
        "ARIMA": 154.593
    },
    {
        "Date": "2021/03/17",
        "ARIMA": 156.7865
    },
    {
        "Date": "2021/03/18",
        "ARIMA": 151.3995
    },
    {
        "Date": "2021/03/19",
        "ARIMA": 153.748
    },
    {
        "Date": "2021/03/22",
        "ARIMA": 155.5435
    },
    {
        "Date": "2021/03/23",
        "ARIMA": 156.875
    },
    {
        "Date": "2021/03/24",
        "ARIMA": 154.3535
    },
    {
        "Date": "2021/03/25",
        "ARIMA": 152.313
    },
    {
        "Date": "2021/03/26",
        "ARIMA": 152.6015
    },
    {
        "Date": "2021/03/29",
        "ARIMA": 153.7865
    },
    {
        "Date": "2021/03/30",
        "ARIMA": 152.7645
    },
    {
        "Date": "2021/03/31",
        "ARIMA": 154.704
    },
    {
        "Date": "2021/04/01",
        "ARIMA": 158.05
    },
    {
        "Date": "2021/04/05",
        "ARIMA": 161.3365
    },
    {
        "Date": "2021/04/06",
        "ARIMA": 161.191
    },
    {
        "Date": "2021/04/07",
        "ARIMA": 163.9695
    },
    {
        "Date": "2021/04/08",
        "ARIMA": 164.965
    },
    {
        "Date": "2021/04/09",
        "ARIMA": 168.61
    },
    {
        "Date": "2021/04/12",
        "ARIMA": 168.9695
    },
    {
        "Date": "2021/04/13",
        "ARIMA": 170.0
    },
    {
        "Date": "2021/04/14",
        "ARIMA": 166.65
    },
    {
        "Date": "2021/04/15",
        "ARIMA": 168.9545
    },
    {
        "Date": "2021/04/16",
        "ARIMA": 169.972
    },
    {
        "Date": "2021/04/19",
        "ARIMA": 168.6005
    },
    {
        "Date": "2021/04/20",
        "ARIMA": 166.7345
    },
    {
        "Date": "2021/04/21",
        "ARIMA": 168.101
    },
    {
        "Date": "2021/04/22",
        "ARIMA": 165.452
    },
    {
        "Date": "2021/04/23",
        "ARIMA": 167.044
    },
    {
        "Date": "2021/04/26",
        "ARIMA": 170.45
    },
    {
        "Date": "2021/04/27",
        "ARIMA": 170.8715
    },
    {
        "Date": "2021/04/28",
        "ARIMA": 172.925
    },
    {
        "Date": "2021/04/29",
        "ARIMA": 173.5655
    },
    {
        "Date": "2021/04/30",
        "ARIMA": 173.371
    },
    {
        "Date": "2021/05/03",
        "ARIMA": 169.3245
    },
    {
        "Date": "2021/05/04",
        "ARIMA": 165.5935
    },
    {
        "Date": "2021/05/05",
        "ARIMA": 163.527
    },
    {
        "Date": "2021/05/06",
        "ARIMA": 165.3185
    },
    {
        "Date": "2021/05/07",
        "ARIMA": 164.5805
    },
    {
        "Date": "2021/05/10",
        "ARIMA": 159.5245
    },
    {
        "Date": "2021/05/11",
        "ARIMA": 161.1955
    },
    {
        "Date": "2021/05/12",
        "ARIMA": 157.597
    },
    {
        "Date": "2021/05/13",
        "ARIMA": 158.0735
    },
    {
        "Date": "2021/05/14",
        "ARIMA": 161.145
    },
    {
        "Date": "2021/05/17",
        "ARIMA": 163.5195
    },
    {
        "Date": "2021/05/18",
        "ARIMA": 161.614
    },
    {
        "Date": "2021/05/19",
        "ARIMA": 161.59
    },
    {
        "Date": "2021/05/20",
        "ARIMA": 162.384
    },
    {
        "Date": "2021/05/21",
        "ARIMA": 160.154
    },
    {
        "Date": "2021/05/24",
        "ARIMA": 162.2495
    },
    {
        "Date": "2021/05/25",
        "ARIMA": 162.9525
    },
    {
        "Date": "2021/05/26",
        "ARIMA": 163.258
    },
    {
        "Date": "2021/05/27",
        "ARIMA": 161.5055
    },
    {
        "Date": "2021/05/28",
        "ARIMA": 161.1535
    },
    {
        "Date": "2021/06/01",
        "ARIMA": 160.9325
    },
    {
        "Date": "2021/06/02",
        "ARIMA": 161.6995
    },
    {
        "Date": "2021/06/03",
        "ARIMA": 159.3505
    },
    {
        "Date": "2021/06/04",
        "ARIMA": 160.311
    },
    {
        "Date": "2021/06/07",
        "ARIMA": 159.9005
    },
    {
        "Date": "2021/06/08",
        "ARIMA": 163.2055
    },
    {
        "Date": "2021/06/09",
        "ARIMA": 164.0575
    },
    {
        "Date": "2021/06/10",
        "ARIMA": 167.4825
    },
    {
        "Date": "2021/06/11",
        "ARIMA": 167.3415
    },
    {
        "Date": "2021/06/14",
        "ARIMA": 169.1935
    },
    {
        "Date": "2021/06/15",
        "ARIMA": 169.1565
    },
    {
        "Date": "2021/06/16",
        "ARIMA": 170.7625
    },
    {
        "Date": "2021/06/17",
        "ARIMA": 174.462
    },
    {
        "Date": "2021/06/18",
        "ARIMA": 174.345
    },
    {
        "Date": "2021/06/21",
        "ARIMA": 172.698
    },
    {
        "Date": "2021/06/22",
        "ARIMA": 175.272
    },
    {
        "Date": "2021/06/23",
        "ARIMA": 175.191
    },
    {
        "Date": "2021/06/24",
        "ARIMA": 172.454
    },
    {
        "Date": "2021/06/25",
        "ARIMA": 170.073
    },
    {
        "Date": "2021/06/28",
        "ARIMA": 172.1945
    },
    {
        "Date": "2021/06/29",
        "ARIMA": 172.407
    },
    {
        "Date": "2021/06/30",
        "ARIMA": 172.008
    },
    {
        "Date": "2021/07/01",
        "ARIMA": 171.6485
    },
    {
        "Date": "2021/07/02",
        "ARIMA": 175.549
    },
    {
        "Date": "2021/07/06",
        "ARIMA": 183.787
    },
    {
        "Date": "2021/07/07",
        "ARIMA": 184.829
    },
    {
        "Date": "2021/07/08",
        "ARIMA": 186.5705
    },
    {
        "Date": "2021/07/09",
        "ARIMA": 185.967
    },
    {
        "Date": "2021/07/12",
        "ARIMA": 185.9275
    },
    {
        "Date": "2021/07/13",
        "ARIMA": 183.868
    },
    {
        "Date": "2021/07/14",
        "ARIMA": 184.084
    },
    {
        "Date": "2021/07/15",
        "ARIMA": 181.56
    },
    {
        "Date": "2021/07/16",
        "ARIMA": 178.6815
    },
    {
        "Date": "2021/07/19",
        "ARIMA": 177.4795
    },
    {
        "Date": "2021/07/20",
        "ARIMA": 178.6595
    },
    {
        "Date": "2021/07/21",
        "ARIMA": 179.26
    },
    {
        "Date": "2021/07/22",
        "ARIMA": 181.9015
    },
    {
        "Date": "2021/07/23",
        "ARIMA": 182.832
    },
    {
        "Date": "2021/07/26",
        "ARIMA": 184.991
    },
    {
        "Date": "2021/07/27",
        "ARIMA": 181.3195
    },
    {
        "Date": "2021/07/28",
        "ARIMA": 181.516
    },
    {
        "Date": "2021/07/29",
        "ARIMA": 179.996
    },
    {
        "Date": "2021/07/30",
        "ARIMA": 166.3795
    },
    {
        "Date": "2021/08/02",
        "ARIMA": 166.574
    },
    {
        "Date": "2021/08/03",
        "ARIMA": 168.312
    },
    {
        "Date": "2021/08/04",
        "ARIMA": 167.736
    },
    {
        "Date": "2021/08/05",
        "ARIMA": 168.7995
    },
    {
        "Date": "2021/08/06",
        "ARIMA": 167.247
    },
    {
        "Date": "2021/08/09",
        "ARIMA": 167.0935
    },
    {
        "Date": "2021/08/10",
        "ARIMA": 166.034
    },
    {
        "Date": "2021/08/11",
        "ARIMA": 164.6055
    },
    {
        "Date": "2021/08/12",
        "ARIMA": 165.175
    },
    {
        "Date": "2021/08/13",
        "ARIMA": 164.6985
    },
    {
        "Date": "2021/08/16",
        "ARIMA": 164.9495
    },
    {
        "Date": "2021/08/17",
        "ARIMA": 162.098
    },
    {
        "Date": "2021/08/18",
        "ARIMA": 160.061
    },
    {
        "Date": "2021/08/19",
        "ARIMA": 159.3875
    },
    {
        "Date": "2021/08/20",
        "ARIMA": 159.9975
    },
    {
        "Date": "2021/08/23",
        "ARIMA": 163.2935
    },
    {
        "Date": "2021/08/24",
        "ARIMA": 165.289
    },
    {
        "Date": "2021/08/25",
        "ARIMA": 164.959
    },
    {
        "Date": "2021/08/26",
        "ARIMA": 165.8
    },
    {
        "Date": "2021/08/27",
        "ARIMA": 167.4815
    },
    {
        "Date": "2021/08/30",
        "ARIMA": 171.0785
    },
    {
        "Date": "2021/08/31",
        "ARIMA": 173.5395
    },
    {
        "Date": "2021/09/01",
        "ARIMA": 173.95
    },
    {
        "Date": "2021/09/02",
        "ARIMA": 173.156
    },
    {
        "Date": "2021/09/03",
        "ARIMA": 173.9025
    },
    {
        "Date": "2021/09/07",
        "ARIMA": 175.4645
    },
    {
        "Date": "2021/09/08",
        "ARIMA": 176.275
    },
    {
        "Date": "2021/09/09",
        "ARIMA": 174.208
    },
    {
        "Date": "2021/09/10",
        "ARIMA": 173.4575
    },
    {
        "Date": "2021/09/13",
        "ARIMA": 172.8585
    },
    {
        "Date": "2021/09/14",
        "ARIMA": 172.5
    },
    {
        "Date": "2021/09/15",
        "ARIMA": 173.7895
    },
    {
        "Date": "2021/09/16",
        "ARIMA": 174.412
    },
    {
        "Date": "2021/09/17",
        "ARIMA": 173.126
    },
    {
        "Date": "2021/09/20",
        "ARIMA": 167.7865
    },
    {
        "Date": "2021/09/21",
        "ARIMA": 167.1815
    },
    {
        "Date": "2021/09/22",
        "ARIMA": 169.0025
    },
    {
        "Date": "2021/09/23",
        "ARIMA": 170.8
    },
    {
        "Date": "2021/09/24",
        "ARIMA": 171.276
    },
    {
        "Date": "2021/09/27",
        "ARIMA": 170.29
    },
    {
        "Date": "2021/09/28",
        "ARIMA": 165.798
    },
    {
        "Date": "2021/09/29",
        "ARIMA": 165.056
    },
    {
        "Date": "2021/09/30",
        "ARIMA": 164.252
    },
    {
        "Date": "2021/10/01",
        "ARIMA": 164.163
    },
    {
        "Date": "2021/10/04",
        "ARIMA": 159.489
    },
    {
        "Date": "2021/10/05",
        "ARIMA": 161.05
    },
    {
        "Date": "2021/10/06",
        "ARIMA": 163.1005
    },
    {
        "Date": "2021/10/07",
        "ARIMA": 165.1215
    },
    {
        "Date": "2021/10/08",
        "ARIMA": 164.431
    },
    {
        "Date": "2021/10/11",
        "ARIMA": 162.315
    },
    {
        "Date": "2021/10/12",
        "ARIMA": 162.3665
    },
    {
        "Date": "2021/10/13",
        "ARIMA": 164.214
    },
    {
        "Date": "2021/10/14",
        "ARIMA": 164.993
    },
    {
        "Date": "2021/10/15",
        "ARIMA": 170.451
    },
    {
        "Date": "2021/10/18",
        "ARIMA": 172.337
    },
    {
        "Date": "2021/10/19",
        "ARIMA": 172.2075
    },
    {
        "Date": "2021/10/20",
        "ARIMA": 170.753
    },
    {
        "Date": "2021/10/21",
        "ARIMA": 171.7505
    },
    {
        "Date": "2021/10/22",
        "ARIMA": 166.7775
    },
    {
        "Date": "2021/10/25",
        "ARIMA": 166.0185
    },
    {
        "Date": "2021/10/26",
        "ARIMA": 168.8035
    },
    {
        "Date": "2021/10/27",
        "ARIMA": 169.6245
    },
    {
        "Date": "2021/10/28",
        "ARIMA": 172.3285
    },
    {
        "Date": "2021/10/29",
        "ARIMA": 168.6215
    },
    {
        "Date": "2021/11/01",
        "ARIMA": 165.9055
    },
    {
        "Date": "2021/11/02",
        "ARIMA": 165.6375
    },
    {
        "Date": "2021/11/03",
        "ARIMA": 169.2
    },
    {
        "Date": "2021/11/04",
        "ARIMA": 173.85
    },
    {
        "Date": "2021/11/05",
        "ARIMA": 175.9495
    },
    {
        "Date": "2021/11/08",
        "ARIMA": 174.449
    },
    {
        "Date": "2021/11/09",
        "ARIMA": 178.8115
    },
    {
        "Date": "2021/11/10",
        "ARIMA": 174.1025
    },
    {
        "Date": "2021/11/11",
        "ARIMA": 173.625
    },
    {
        "Date": "2021/11/12",
        "ARIMA": 176.2575
    },
    {
        "Date": "2021/11/15",
        "ARIMA": 177.284
    },
    {
        "Date": "2021/11/16",
        "ARIMA": 177.035
    },
    {
        "Date": "2021/11/17",
        "ARIMA": 177.45
    },
    {
        "Date": "2021/11/18",
        "ARIMA": 184.803
    },
    {
        "Date": "2021/11/19",
        "ARIMA": 183.8285
    },
    {
        "Date": "2021/11/22",
        "ARIMA": 178.6285
    },
    {
        "Date": "2021/11/23",
        "ARIMA": 179.002
    },
    {
        "Date": "2021/11/24",
        "ARIMA": 179.0205
    },
    {
        "Date": "2021/11/26",
        "ARIMA": 175.228
    },
    {
        "Date": "2021/11/29",
        "ARIMA": 178.0785
    },
    {
        "Date": "2021/11/30",
        "ARIMA": 175.3535
    },
    {
        "Date": "2021/12/01",
        "ARIMA": 172.186
    },
    {
        "Date": "2021/12/02",
        "ARIMA": 171.868
    },
    {
        "Date": "2021/12/03",
        "ARIMA": 169.4895
    },
    {
        "Date": "2021/12/06",
        "ARIMA": 171.3685
    },
    {
        "Date": "2021/12/07",
        "ARIMA": 176.1645
    },
    {
        "Date": "2021/12/08",
        "ARIMA": 176.158
    },
    {
        "Date": "2021/12/09",
        "ARIMA": 174.171
    },
    {
        "Date": "2021/12/10",
        "ARIMA": 172.212
    },
    {
        "Date": "2021/12/13",
        "ARIMA": 169.5675
    },
    {
        "Date": "2021/12/14",
        "ARIMA": 169.0915
    },
    {
        "Date": "2021/12/15",
        "ARIMA": 173.315
    },
    {
        "Date": "2021/12/16",
        "ARIMA": 168.871
    },
    {
        "Date": "2021/12/17",
        "ARIMA": 170.0175
    },
    {
        "Date": "2021/12/20",
        "ARIMA": 167.079
    },
    {
        "Date": "2021/12/21",
        "ARIMA": 170.417
    },
    {
        "Date": "2021/12/22",
        "ARIMA": 171.037
    },
    {
        "Date": "2021/12/23",
        "ARIMA": 171.0685
    },
    {
        "Date": "2021/12/27",
        "ARIMA": 169.6695
    },
    {
        "Date": "2021/12/28",
        "ARIMA": 170.661
    },
    {
        "Date": "2021/12/29",
        "ARIMA": 169.201
    },
    {
        "Date": "2021/12/30",
        "ARIMA": 168.6445
    },
    {
        "Date": "2021/12/31",
        "ARIMA": 166.717
    },
    {
        "Date": "2022/01/03",
        "ARIMA": 170.4045
    },
    {
        "Date": "2022/01/04",
        "ARIMA": 167.522
    },
    {
        "Date": "2022/01/05",
        "ARIMA": 164.357
    },
    {
        "Date": "2022/01/06",
        "ARIMA": 163.254
    },
    {
        "Date": "2022/01/07",
        "ARIMA": 162.554
    },
    {
        "Date": "2022/01/10",
        "ARIMA": 161.486
    },
    {
        "Date": "2022/01/11",
        "ARIMA": 165.362
    },
    {
        "Date": "2022/01/12",
        "ARIMA": 165.207
    },
    {
        "Date": "2022/01/13",
        "ARIMA": 161.214
    },
    {
        "Date": "2022/01/14",
        "ARIMA": 162.138
    },
    {
        "Date": "2022/01/18",
        "ARIMA": 158.9175
    },
    {
        "Date": "2022/01/19",
        "ARIMA": 156.299
    },
    {
        "Date": "2022/01/20",
        "ARIMA": 151.6675
    },
    {
        "Date": "2022/01/21",
        "ARIMA": 142.643
    },
    {
        "Date": "2022/01/24",
        "ARIMA": 144.544
    },
    {
        "Date": "2022/01/25",
        "ARIMA": 139.986
    },
    {
        "Date": "2022/01/26",
        "ARIMA": 138.8725
    },
    {
        "Date": "2022/01/27",
        "ARIMA": 139.6375
    },
    {
        "Date": "2022/01/28",
        "ARIMA": 143.978
    },
    {
        "Date": "2022/01/31",
        "ARIMA": 149.5735
    },
    {
        "Date": "2022/02/01",
        "ARIMA": 151.1935
    },
    {
        "Date": "2022/02/02",
        "ARIMA": 150.6125
    },
    {
        "Date": "2022/02/03",
        "ARIMA": 138.8455
    },
    {
        "Date": "2022/02/04",
        "ARIMA": 157.6395
    },
    {
        "Date": "2022/02/07",
        "ARIMA": 157.9355
    },
    {
        "Date": "2022/02/08",
        "ARIMA": 161.4135
    },
    {
        "Date": "2022/02/09",
        "ARIMA": 161.1895
    },
    {
        "Date": "2022/02/10",
        "ARIMA": 159.0035
    },
    {
        "Date": "2022/02/11",
        "ARIMA": 153.2935
    },
    {
        "Date": "2022/02/14",
        "ARIMA": 155.167
    },
    {
        "Date": "2022/02/15",
        "ARIMA": 156.5105
    },
    {
        "Date": "2022/02/16",
        "ARIMA": 158.1005
    },
    {
        "Date": "2022/02/17",
        "ARIMA": 154.6525
    },
    {
        "Date": "2022/02/18",
        "ARIMA": 152.6015
    },
    {
        "Date": "2022/02/22",
        "ARIMA": 150.1975
    },
    {
        "Date": "2022/02/23",
        "ARIMA": 144.827
    },
    {
        "Date": "2022/02/24",
        "ARIMA": 151.358
    },
    {
        "Date": "2022/02/25",
        "ARIMA": 153.7885
    },
    {
        "Date": "2022/02/28",
        "ARIMA": 153.563
    },
    {
        "Date": "2022/03/01",
        "ARIMA": 151.142
    },
    {
        "Date": "2022/03/02",
        "ARIMA": 152.0525
    },
    {
        "Date": "2022/03/03",
        "ARIMA": 147.8985
    },
    {
        "Date": "2022/03/04",
        "ARIMA": 145.641
    },
    {
        "Date": "2022/03/07",
        "ARIMA": 137.453
    },
    {
        "Date": "2022/03/08",
        "ARIMA": 136.0145
    },
    {
        "Date": "2022/03/09",
        "ARIMA": 139.279
    },
    {
        "Date": "2022/03/10",
        "ARIMA": 146.8175
    },
    {
        "Date": "2022/03/11",
        "ARIMA": 145.5245
    },
    {
        "Date": "2022/03/14",
        "ARIMA": 141.853
    },
    {
        "Date": "2022/03/15",
        "ARIMA": 147.3665
    },
    {
        "Date": "2022/03/16",
        "ARIMA": 153.104
    },
    {
        "Date": "2022/03/17",
        "ARIMA": 157.239
    },
    {
        "Date": "2022/03/18",
        "ARIMA": 161.2505
    },
    {
        "Date": "2022/03/21",
        "ARIMA": 161.4915
    },
    {
        "Date": "2022/03/22",
        "ARIMA": 164.889
    },
    {
        "Date": "2022/03/23",
        "ARIMA": 163.408
    },
    {
        "Date": "2022/03/24",
        "ARIMA": 163.6495
    },
    {
        "Date": "2022/03/25",
        "ARIMA": 164.7735
    },
    {
        "Date": "2022/03/28",
        "ARIMA": 168.9905
    },
    {
        "Date": "2022/03/29",
        "ARIMA": 169.315
    },
    {
        "Date": "2022/03/30",
        "ARIMA": 166.301
    },
    {
        "Date": "2022/03/31",
        "ARIMA": 162.9975
    },
    {
        "Date": "2022/04/01",
        "ARIMA": 163.56
    },
    {
        "Date": "2022/04/04",
        "ARIMA": 168.3465
    },
    {
        "Date": "2022/04/05",
        "ARIMA": 164.055
    },
    {
        "Date": "2022/04/06",
        "ARIMA": 158.756
    },
    {
        "Date": "2022/04/07",
        "ARIMA": 157.7845
    },
    {
        "Date": "2022/04/08",
        "ARIMA": 154.4605
    },
    {
        "Date": "2022/04/11",
        "ARIMA": 151.122
    },
    {
        "Date": "2022/04/12",
        "ARIMA": 150.7875
    },
    {
        "Date": "2022/04/13",
        "ARIMA": 155.541
    },
    {
        "Date": "2022/04/14",
        "ARIMA": 151.7065
    },
    {
        "Date": "2022/04/18",
        "ARIMA": 152.785
    },
    {
        "Date": "2022/04/19",
        "ARIMA": 158.1155
    },
    {
        "Date": "2022/04/20",
        "ARIMA": 153.998
    },
    {
        "Date": "2022/04/21",
        "ARIMA": 148.296
    },
    {
        "Date": "2022/04/22",
        "ARIMA": 144.35
    },
    {
        "Date": "2022/04/25",
        "ARIMA": 146.074
    },
    {
        "Date": "2022/04/26",
        "ARIMA": 139.391
    },
    {
        "Date": "2022/04/27",
        "ARIMA": 138.167
    },
    {
        "Date": "2022/04/28",
        "ARIMA": 144.5965
    },
    {
        "Date": "2022/04/29",
        "ARIMA": 124.2815
    },
    {
        "Date": "2022/05/02",
        "ARIMA": 124.5
    },
    {
        "Date": "2022/05/03",
        "ARIMA": 124.2535
    },
    {
        "Date": "2022/05/04",
        "ARIMA": 125.9285
    },
    {
        "Date": "2022/05/05",
        "ARIMA": 116.407
    },
    {
        "Date": "2022/05/06",
        "ARIMA": 114.7725
    },
    {
        "Date": "2022/05/09",
        "ARIMA": 108.789
    },
    {
        "Date": "2022/05/10",
        "ARIMA": 108.859
    },
    {
        "Date": "2022/05/11",
        "ARIMA": 105.372
    },
    {
        "Date": "2022/05/12",
        "ARIMA": 106.9305
    },
    {
        "Date": "2022/05/13",
        "ARIMA": 113.055
    },
    {
        "Date": "2022/05/16",
        "ARIMA": 110.8105
    },
    {
        "Date": "2022/05/17",
        "ARIMA": 115.3685
    },
    {
        "Date": "2022/05/18",
        "ARIMA": 107.1125
    },
    {
        "Date": "2022/05/19",
        "ARIMA": 107.319
    },
    {
        "Date": "2022/05/20",
        "ARIMA": 107.591
    },
    {
        "Date": "2022/05/23",
        "ARIMA": 107.557
    },
    {
        "Date": "2022/05/24",
        "ARIMA": 104.1
    },
    {
        "Date": "2022/05/25",
        "ARIMA": 106.775
    },
    {
        "Date": "2022/05/26",
        "ARIMA": 111.0775
    },
    {
        "Date": "2022/05/27",
        "ARIMA": 115.1465
    },
    {
        "Date": "2022/05/31",
        "ARIMA": 120.2095
    },
    {
        "Date": "2022/06/01",
        "ARIMA": 121.684
    },
    {
        "Date": "2022/06/02",
        "ARIMA": 125.511
    },
    {
        "Date": "2022/06/03",
        "ARIMA": 122.35
    },
    {
        "Date": "2022/06/06",
        "ARIMA": 124.79
    },
    {
        "Date": "2022/06/07",
        "ARIMA": 123.0
    },
    {
        "Date": "2022/06/08",
        "ARIMA": 121.18
    },
    {
        "Date": "2022/06/09",
        "ARIMA": 116.15
    },
    {
        "Date": "2022/06/10",
        "ARIMA": 109.65
    },
    {
        "Date": "2022/06/13",
        "ARIMA": 103.67
    },
    {
        "Date": "2022/06/14",
        "ARIMA": 102.31
    },
    {
        "Date": "2022/06/15",
        "ARIMA": 107.67
    },
    {
        "Date": "2022/06/16",
        "ARIMA": 103.66
    },
    {
        "Date": "2022/06/17",
        "ARIMA": 106.22
    },
    {
        "Date": "2022/06/21",
        "ARIMA": 108.68
    },
    {
        "Date": "2022/06/22",
        "ARIMA": 108.95
    },
    {
        "Date": "2022/06/23",
        "ARIMA": 112.44
    },
    {
        "Date": "2022/06/24",
        "ARIMA": 116.46
    },
    {
        "Date": "2022/06/27",
        "ARIMA": 113.22
    },
    {
        "Date": "2022/06/28",
        "ARIMA": 107.4
    },
    {
        "Date": "2022/06/29",
        "ARIMA": 108.92
    },
    {
        "Date": "2022/06/30",
        "ARIMA": 106.21
    },
    {
        "Date": "2022/07/01",
        "ARIMA": 109.56
    },
    {
        "Date": "2022/07/05",
        "ARIMA": 113.5
    },
    {
        "Date": "2022/07/06",
        "ARIMA": 114.33
    },
    {
        "Date": "2022/07/07",
        "ARIMA": 116.33
    },
    {
        "Date": "2022/07/08",
        "ARIMA": 115.54
    },
    {
        "Date": "2022/07/11",
        "ARIMA": 111.75
    },
    {
        "Date": "2022/07/12",
        "ARIMA": 109.22
    },
    {
        "Date": "2022/07/13",
        "ARIMA": 110.4
    },
    {
        "Date": "2022/07/14",
        "ARIMA": 110.63
    },
    {
        "Date": "2022/07/15",
        "ARIMA": 113.55
    },
    {
        "Date": "2022/07/18",
        "ARIMA": 113.76
    },
    {
        "Date": "2022/07/19",
        "ARIMA": 118.21
    },
    {
        "Date": "2022/07/20",
        "ARIMA": 122.77
    },
    {
        "Date": "2022/07/21",
        "ARIMA": 124.63
    },
    {
        "Date": "2022/07/22",
        "ARIMA": 122.42
    },
    {
        "Date": "2022/07/25",
        "ARIMA": 121.14
    },
    {
        "Date": "2022/07/26",
        "ARIMA": 114.81
    },
    {
        "Date": "2022/07/27",
        "ARIMA": 120.97
    },
    {
        "Date": "2022/07/28",
        "ARIMA": 122.28
    },
    {
        "Date": "2022/07/29",
        "ARIMA": 134.95
    },
    {
        "Date": "2022/08/01",
        "ARIMA": 134.3205718427471
    },
    {
        "Date": "2022/08/02",
        "ARIMA": 136.01408923390974
    },
    {
        "Date": "2022/08/03",
        "ARIMA": 132.72462592587775
    },
    {
        "Date": "2022/08/04",
        "ARIMA": 139.81355885617504
    },
    {
        "Date": "2022/08/05",
        "ARIMA": 142.17594766339974
    },
    {
        "Date": "2022/08/08",
        "ARIMA": 140.5659421955082
    },
    {
        "Date": "2022/08/09",
        "ARIMA": 139.41305175016421
    },
    {
        "Date": "2022/08/10",
        "ARIMA": 137.7071942788369
    },
    {
        "Date": "2022/08/11",
        "ARIMA": 142.65877167966204
    },
    {
        "Date": "2022/08/12",
        "ARIMA": 140.88202931000595
    },
    {
        "Date": "2022/08/15",
        "ARIMA": 143.19771584784843
    },
    {
        "Date": "2022/08/16",
        "ARIMA": 143.60107902262075
    },
    {
        "Date": "2022/08/17",
        "ARIMA": 144.23291783544545
    },
    {
        "Date": "2022/08/18",
        "ARIMA": 142.42067370348335
    },
    {
        "Date": "2022/08/19",
        "ARIMA": 141.95106651979404
    },
    {
        "Date": "2022/08/22",
        "ARIMA": 138.514785979664
    },
    {
        "Date": "2022/08/23",
        "ARIMA": 132.96967815679005
    },
    {
        "Date": "2022/08/24",
        "ARIMA": 133.99546587050503
    },
    {
        "Date": "2022/08/25",
        "ARIMA": 134.01209535556663
    },
    {
        "Date": "2022/08/26",
        "ARIMA": 137.4338871635568
    },
    {
        "Date": "2022/08/29",
        "ARIMA": 131.00998985976037
    },
    {
        "Date": "2022/08/30",
        "ARIMA": 129.39570546195753
    },
    {
        "Date": "2022/08/31",
        "ARIMA": 129.2000037964128
    },
    {
        "Date": "2022/09/01",
        "ARIMA": 126.46099706966407
    },
    {
        "Date": "2022/09/02",
        "ARIMA": 128.28968004538697
    },
    {
        "Date": "2022/09/06",
        "ARIMA": 127.56532772928516
    },
    {
        "Date": "2022/09/07",
        "ARIMA": 126.03007573087912
    },
    {
        "Date": "2022/09/08",
        "ARIMA": 129.59737756043168
    },
    {
        "Date": "2022/09/09",
        "ARIMA": 129.8694955027255
    },
    {
        "Date": "2022/09/12",
        "ARIMA": 133.10770728282174
    },
    {
        "Date": "2022/09/13",
        "ARIMA": 136.660995337726
    },
    {
        "Date": "2022/09/14",
        "ARIMA": 126.38000627873994
    },
    {
        "Date": "2022/09/15",
        "ARIMA": 128.28203502163336
    },
    {
        "Date": "2022/09/16",
        "ARIMA": 126.72356476170575
    },
    {
        "Date": "2022/09/19",
        "ARIMA": 123.31004464764284
    },
    {
        "Date": "2022/09/20",
        "ARIMA": 125.43105803386835
    },
    {
        "Date": "2022/09/21",
        "ARIMA": 121.94512217775444
    },
    {
        "Date": "2022/09/22",
        "ARIMA": 118.57131736411557
    },
    {
        "Date": "2022/09/23",
        "ARIMA": 117.44238518868467
    },
    {
        "Date": "2022/09/26",
        "ARIMA": 113.72095854724915
    },
    {
        "Date": "2022/09/27",
        "ARIMA": 115.27267386717516
    },
    {
        "Date": "2022/09/28",
        "ARIMA": 114.65181152662525
    },
    {
        "Date": "2022/09/29",
        "ARIMA": 117.8437618315313
    },
    {
        "Date": "2022/09/30",
        "ARIMA": 115.00526701765226
    },
    {
        "Date": "2022/10/03",
        "ARIMA": 112.54588841013944
    },
    {
        "Date": "2022/10/04",
        "ARIMA": 116.1564193879312
    },
    {
        "Date": "2022/10/05",
        "ARIMA": 121.01512615862147
    },
    {
        "Date": "2022/10/06",
        "ARIMA": 121.11245310153562
    },
    {
        "Date": "2022/10/07",
        "ARIMA": 119.9950104933639
    },
    {
        "Date": "2022/10/10",
        "ARIMA": 114.39089725644573
    },
    {
        "Date": "2022/10/11",
        "ARIMA": 113.53792406726966
    },
    {
        "Date": "2022/10/12",
        "ARIMA": 112.7354625367313
    },
    {
        "Date": "2022/10/13",
        "ARIMA": 112.91531056873576
    },
    {
        "Date": "2022/10/14",
        "ARIMA": 112.76352835559955
    },
    {
        "Date": "2022/10/17",
        "ARIMA": 106.6008872615813
    },
    {
        "Date": "2022/10/18",
        "ARIMA": 113.85184819322475
    },
    {
        "Date": "2022/10/19",
        "ARIMA": 116.44997164183805
    },
    {
        "Date": "2022/10/20",
        "ARIMA": 114.84011943825232
    },
    {
        "Date": "2022/10/21",
        "ARIMA": 115.58992465669552
    },
    {
        "Date": "2022/10/24",
        "ARIMA": 118.96159520872281
    },
    {
        "Date": "2022/10/25",
        "ARIMA": 119.85605859706202
    },
    {
        "Date": "2022/10/26",
        "ARIMA": 120.64478835604777
    },
    {
        "Date": "2022/10/27",
        "ARIMA": 115.7615551048401
    },
    {
        "Date": "2022/10/28",
        "ARIMA": 110.72411460173605
    },
    {
        "Date": "2022/10/31",
        "ARIMA": 103.44392008954974
    },
    {
        "Date": "2022/11/01",
        "ARIMA": 102.2315294399866
    },
    {
        "Date": "2022/11/02",
        "ARIMA": 96.92240333407143
    },
    {
        "Date": "2022/11/03",
        "ARIMA": 91.73821124883843
    },
    {
        "Date": "2022/11/04",
        "ARIMA": 89.33526181420588
    },
    {
        "Date": "2022/11/07",
        "ARIMA": 90.66429539337771
    },
    {
        "Date": "2022/11/08",
        "ARIMA": 90.64183241509664
    },
    {
        "Date": "2022/11/09",
        "ARIMA": 89.90074129961569
    },
    {
        "Date": "2022/11/10",
        "ARIMA": 86.12565180217265
    },
    {
        "Date": "2022/11/11",
        "ARIMA": 96.51423021565019
    },
    {
        "Date": "2022/11/14",
        "ARIMA": 101.21580928622531
    },
    {
        "Date": "2022/11/15",
        "ARIMA": 98.23747170323975
    },
    {
        "Date": "2022/11/16",
        "ARIMA": 99.47334041865584
    },
    {
        "Date": "2022/11/17",
        "ARIMA": 96.81071013869413
    },
    {
        "Date": "2022/11/18",
        "ARIMA": 94.6655848128409
    },
    {
        "Date": "2022/11/21",
        "ARIMA": 94.28590543685955
    },
    {
        "Date": "2022/11/22",
        "ARIMA": 92.32011999311096
    },
    {
        "Date": "2022/11/23",
        "ARIMA": 93.17817348370794
    },
    {
        "Date": "2022/11/25",
        "ARIMA": 94.22938330643909
    },
    {
        "Date": "2022/11/28",
        "ARIMA": 93.34209071989332
    },
    {
        "Date": "2022/11/29",
        "ARIMA": 94.0219863951716
    },
    {
        "Date": "2022/11/30",
        "ARIMA": 92.39749843374655
    },
    {
        "Date": "2022/12/01",
        "ARIMA": 96.50742963348479
    },
    {
        "Date": "2022/12/02",
        "ARIMA": 95.66280853530868
    },
    {
        "Date": "2022/12/05",
        "ARIMA": 93.9419606724832
    },
    {
        "Date": "2022/12/06",
        "ARIMA": 91.17213811926617
    },
    {
        "Date": "2022/12/07",
        "ARIMA": 87.92876811108455
    },
    {
        "Date": "2022/12/08",
        "ARIMA": 88.48270916267633
    },
    {
        "Date": "2022/12/09",
        "ARIMA": 90.34012103216007
    },
    {
        "Date": "2022/12/12",
        "ARIMA": 89.10286634658497
    },
    {
        "Date": "2022/12/13",
        "ARIMA": 90.58014793494986
    },
    {
        "Date": "2022/12/14",
        "ARIMA": 92.5944456036291
    },
    {
        "Date": "2022/12/15",
        "ARIMA": 91.46632727910028
    },
    {
        "Date": "2022/12/16",
        "ARIMA": 88.49336405475857
    },
    {
        "Date": "2022/12/19",
        "ARIMA": 87.7937997138364
    },
    {
        "Date": "2022/12/20",
        "ARIMA": 84.799505665015
    },
    {
        "Date": "2022/12/21",
        "ARIMA": 85.07638207787643
    },
    {
        "Date": "2022/12/22",
        "ARIMA": 86.94868247899807
    },
    {
        "Date": "2022/12/23",
        "ARIMA": 83.6154328626104
    },
    {
        "Date": "2022/12/27",
        "ARIMA": 85.29641436389693
    },
    {
        "Date": "2022/12/28",
        "ARIMA": 83.06562698343303
    },
    {
        "Date": "2022/12/29",
        "ARIMA": 81.55527212151733
    },
    {
        "Date": "2022/12/30",
        "ARIMA": 84.41478192559342
    },
    {
        "Date": "2023/01/03",
        "ARIMA": 83.89824210496164
    },
    {
        "Date": "2023/01/04",
        "ARIMA": 85.87608793920667
    },
    {
        "Date": "2023/01/05",
        "ARIMA": 85.25445019464861
    },
    {
        "Date": "2023/01/06",
        "ARIMA": 82.93365835060676
    },
    {
        "Date": "2023/01/09",
        "ARIMA": 86.18610166042423
    },
    {
        "Date": "2023/01/10",
        "ARIMA": 87.38081445793009
    },
    {
        "Date": "2023/01/11",
        "ARIMA": 89.92886862882915
    },
    {
        "Date": "2023/01/12",
        "ARIMA": 95.40362564785241
    },
    {
        "Date": "2023/01/13",
        "ARIMA": 95.31385861976376
    },
    {
        "Date": "2023/01/17",
        "ARIMA": 98.25512720289406
    },
    {
        "Date": "2023/01/18",
        "ARIMA": 96.2060474766528
    },
    {
        "Date": "2023/01/19",
        "ARIMA": 95.23941402999493
    },
    {
        "Date": "2023/01/20",
        "ARIMA": 93.83545045092538
    },
    {
        "Date": "2023/01/23",
        "ARIMA": 97.10200081940164
    },
    {
        "Date": "2023/01/24",
        "ARIMA": 97.80580998110277
    },
    {
        "Date": "2023/01/25",
        "ARIMA": 96.1842767905847
    },
    {
        "Date": "2023/01/26",
        "ARIMA": 97.30017672834843
    },
    {
        "Date": "2023/01/27",
        "ARIMA": 99.14072565428972
    },
    {
        "Date": "2023/01/30",
        "ARIMA": 102.39737587540111
    },
    {
        "Date": "2023/01/31",
        "ARIMA": 100.68064602178599
    },
    {
        "Date": "2023/02/01",
        "ARIMA": 103.09222940814405
    },
    {
        "Date": "2023/02/02",
        "ARIMA": 105.34382882917463
    },
    {
        "Date": "2023/02/03",
        "ARIMA": 113.02033900280314
    },
    {
        "Date": "2023/02/06",
        "ARIMA": 103.79011707177996
    },
    {
        "Date": "2023/02/07",
        "ARIMA": 101.63533899015894
    },
    {
        "Date": "2023/02/08",
        "ARIMA": 102.49010812611252
    },
    {
        "Date": "2023/02/09",
        "ARIMA": 99.56729758091198
    },
    {
        "Date": "2023/02/10",
        "ARIMA": 98.55596952223333
    },
    {
        "Date": "2023/02/13",
        "ARIMA": 97.44006855074203
    },
    {
        "Date": "2023/02/14",
        "ARIMA": 99.47176419458104
    },
    {
        "Date": "2023/02/15",
        "ARIMA": 99.79049666278983
    },
    {
        "Date": "2023/02/16",
        "ARIMA": 101.15199293984047
    },
    {
        "Date": "2023/02/17",
        "ARIMA": 98.23299582182644
    },
    {
        "Date": "2023/02/21",
        "ARIMA": 96.99379506578066
    },
    {
        "Date": "2023/02/22",
        "ARIMA": 94.6308451457916
    },
    {
        "Date": "2023/02/23",
        "ARIMA": 95.57912298811212
    },
    {
        "Date": "2023/02/24",
        "ARIMA": 95.98292108862695
    },
    {
        "Date": "2023/02/27",
        "ARIMA": 93.36101650443563
    },
    {
        "Date": "2023/02/28",
        "ARIMA": 93.76376846225604
    },
    {
        "Date": "2023/03/01",
        "ARIMA": 94.215999389699
    },
    {
        "Date": "2023/03/02",
        "ARIMA": 92.10869452483477
    },
    {
        "Date": "2023/03/03",
        "ARIMA": 92.11530286689418
    },
    {
        "Date": "2023/03/06",
        "ARIMA": 94.92841293659932
    },
    {
        "Date": "2023/03/07",
        "ARIMA": 93.7776233574659
    },
    {
        "Date": "2023/03/08",
        "ARIMA": 93.53771909588878
    },
    {
        "Date": "2023/03/09",
        "ARIMA": 93.97307821535115
    },
    {
        "Date": "2023/03/10",
        "ARIMA": 92.13695429692285
    },
    {
        "Date": "2023/03/13",
        "ARIMA": 90.71816109420897
    },
    {
        "Date": "2023/03/14",
        "ARIMA": 92.4011913602834
    },
    {
        "Date": "2023/03/15",
        "ARIMA": 94.93365006223561
    },
    {
        "Date": "2023/03/16",
        "ARIMA": 96.30648751364434
    },
    {
        "Date": "2023/03/17",
        "ARIMA": 100.1648448184269
    },
    {
        "Date": "2023/03/20",
        "ARIMA": 99.0448207595085
    },
    {
        "Date": "2023/03/21",
        "ARIMA": 97.58646361965643
    },
    {
        "Date": "2023/03/22",
        "ARIMA": 100.6972395369348
    },
    {
        "Date": "2023/03/23",
        "ARIMA": 98.68197416703875
    },
    {
        "Date": "2023/03/24",
        "ARIMA": 98.69322299101965
    },
    {
        "Date": "2023/03/27",
        "ARIMA": 98.22172677399907
    },
    {
        "Date": "2023/03/28",
        "ARIMA": 97.87531812566758
    },
    {
        "Date": "2023/03/29",
        "ARIMA": 97.33546040333259
    },
    {
        "Date": "2023/03/30",
        "ARIMA": 100.2061011025675
    },
    {
        "Date": "2023/03/31",
        "ARIMA": 102.15468908185085
    },
    {
        "Date": "2023/04/03",
        "ARIMA": 103.31295636243243
    },
    {
        "Date": "2023/04/04",
        "ARIMA": 102.51091530047582
    },
    {
        "Date": "2023/04/05",
        "ARIMA": 103.85560521483265
    },
    {
        "Date": "2023/04/06",
        "ARIMA": 101.16879451112506
    },
    {
        "Date": "2023/04/10",
        "ARIMA": 101.92056318938248
    },
    {
        "Date": "2023/04/11",
        "ARIMA": 102.32980355199662
    },
    {
        "Date": "2023/04/12",
        "ARIMA": 99.77104449164204
    },
    {
        "Date": "2023/04/13",
        "ARIMA": 97.85666890738727
    },
    {
        "Date": "2023/04/14",
        "ARIMA": 102.29757403948388
    },
    {
        "Date": "2023/04/17",
        "ARIMA": 102.64819482115968
    },
    {
        "Date": "2023/04/18",
        "ARIMA": 102.73671541237702
    },
    {
        "Date": "2023/04/19",
        "ARIMA": 102.43018671581521
    },
    {
        "Date": "2023/04/20",
        "ARIMA": 104.09566956862355
    },
    {
        "Date": "2023/04/21",
        "ARIMA": 103.97451728726989
    },
    {
        "Date": "2023/04/24",
        "ARIMA": 106.91763578711209
    },
    {
        "Date": "2023/04/25",
        "ARIMA": 106.39546772123383
    },
    {
        "Date": "2023/04/26",
        "ARIMA": 102.39702532033962
    },
    {
        "Date": "2023/04/27",
        "ARIMA": 105.00354266280533
    },
    {
        "Date": "2023/04/28",
        "ARIMA": 109.83903586952349
    },
    {
        "Date": "2023/05/01",
        "ARIMA": 105.55264447124345
    },
    {
        "Date": "2023/05/02",
        "ARIMA": 102.04308413404391
    },
    {
        "Date": "2023/05/03",
        "ARIMA": 103.59383607927693
    },
    {
        "Date": "2023/05/04",
        "ARIMA": 103.46100129680512
    },
    {
        "Date": "2023/05/05",
        "ARIMA": 104.11906739579106
    },
    {
        "Date": "2023/05/08",
        "ARIMA": 105.75410542096479
    },
    {
        "Date": "2023/05/09",
        "ARIMA": 105.7497539137043
    },
    {
        "Date": "2023/05/10",
        "ARIMA": 106.65596847393257
    },
    {
        "Date": "2023/05/11",
        "ARIMA": 110.26896675068603
    },
    {
        "Date": "2023/05/12",
        "ARIMA": 112.24132110687286
    },
    {
        "Date": "2023/05/15",
        "ARIMA": 110.32437697596872
    },
    {
        "Date": "2023/05/16",
        "ARIMA": 111.22592507609433
    },
    {
        "Date": "2023/05/17",
        "ARIMA": 113.40824335515421
    },
    {
        "Date": "2023/05/18",
        "ARIMA": 115.51396979456311
    },
    {
        "Date": "2023/05/19",
        "ARIMA": 118.35149421507096
    },
    {
        "Date": "2023/05/22",
        "ARIMA": 116.28344794971889
    },
    {
        "Date": "2023/05/23",
        "ARIMA": 114.95343468372958
    },
    {
        "Date": "2023/05/24",
        "ARIMA": 115.02600299007513
    },
    {
        "Date": "2023/05/25",
        "ARIMA": 116.67498916615246
    },
    {
        "Date": "2023/05/26",
        "ARIMA": 115.10079578324272
    },
    {
        "Date": "2023/05/30",
        "ARIMA": 120.08792974811576
    },
    {
        "Date": "2023/05/31",
        "ARIMA": 121.81556072840426
    },
    {
        "Date": "2023/06/01",
        "ARIMA": 120.46035586564642
    },
    {
        "Date": "2023/06/02",
        "ARIMA": 122.98457879934861
    },
    {
        "Date": "2023/06/05",
        "ARIMA": 124.15114726320454
    },
    {
        "Date": "2023/06/06",
        "ARIMA": 125.38003201737264
    },
    {
        "Date": "2023/06/07",
        "ARIMA": 126.76854195782514
    },
    {
        "Date": "2023/06/08",
        "ARIMA": 121.17219937155669
    },
    {
        "Date": "2023/06/09",
        "ARIMA": 124.16473906865617
    },
    {
        "Date": "2023/06/12",
        "ARIMA": 123.57818441021921
    },
    {
        "Date": "2023/06/13",
        "ARIMA": 126.3938129770844
    },
    {
        "Date": "2023/06/14",
        "ARIMA": 127.02070155276989
    },
    {
        "Date": "2023/06/15",
        "ARIMA": 126.13521073171792
    },
    {
        "Date": "2023/06/16",
        "ARIMA": 127.28508083115793
    },
    {
        "Date": "2023/06/20",
        "ARIMA": 125.41899898325036
    },
    {
        "Date": "2023/06/21",
        "ARIMA": 125.81400589554481
    },
    {
        "Date": "2023/06/22",
        "ARIMA": 124.87839689079166
    },
    {
        "Date": "2023/06/23",
        "ARIMA": 130.02612192728847
    },
    {
        "Date": "2023/06/26",
        "ARIMA": 129.54916448825966
    },
    {
        "Date": "2023/06/27",
        "ARIMA": 127.20035643649338
    },
    {
        "Date": "2023/06/28",
        "ARIMA": 129.27603879050454
    },
    {
        "Date": "2023/06/29",
        "ARIMA": 128.9329128662871
    },
    {
        "Date": "2023/06/30",
        "ARIMA": 128.02717992419332
    },
    {
        "Date": "2023/07/03",
        "ARIMA": 130.3725592693537
    },
    {
        "Date": "2023/07/05",
        "ARIMA": 130.1748872108256
    },
    {
        "Date": "2023/07/06",
        "ARIMA": 130.39750200000475
    },
    {
        "Date": "2023/07/07",
        "ARIMA": 128.46268559919156
    },
    {
        "Date": "2023/07/10",
        "ARIMA": 129.62504762553658
    },
    {
        "Date": "2023/07/11",
        "ARIMA": 127.29872693042898
    },
    {
        "Date": "2023/07/12",
        "ARIMA": 128.6156161717798
    },
    {
        "Date": "2023/07/13",
        "ARIMA": 130.93392934422286
    },
    {
        "Date": "2023/07/14",
        "ARIMA": 134.0915440825258
    },
    {
        "Date": "2023/07/17",
        "ARIMA": 134.90738822108378
    },
    {
        "Date": "2023/07/18",
        "ARIMA": 133.45997286002813
    },
    {
        "Date": "2023/07/19",
        "ARIMA": 132.93327898407705
    },
    {
        "Date": "2023/07/20",
        "ARIMA": 135.34270999464894
    },
    {
        "Date": "2023/07/21",
        "ARIMA": 130.1917283606052
    },
    {
        "Date": "2023/07/24",
        "ARIMA": 129.8444446999573
    },
    {
        "Date": "2023/07/25",
        "ARIMA": 128.9614052823174
    },
    {
        "Date": "2023/07/26",
        "ARIMA": 128.81788222175058
    },
    {
        "Date": "2023/07/27",
        "ARIMA": 128.4255232858978
    },
    {
        "Date": "2023/07/28",
        "ARIMA": 127.98482100418308
    },
    {
        "Date": "2023/07/31",
        "ARIMA": 132.21436655277856
    },
    {
        "Date": "2023/08/01",
        "ARIMA": 133.6818299229124
    },
    {
        "Date": "2023/08/02",
        "ARIMA": 131.73597466500155
    },
    {
        "Date": "2023/08/03",
        "ARIMA": 128.29854780735727
    },
    {
        "Date": "2023/08/04",
        "ARIMA": 128.8073233178508
    },
    {
        "Date": "2023/08/07",
        "ARIMA": 139.53182846679218
    },
    {
        "Date": "2023/08/08",
        "ARIMA": 142.31235685143912
    },
    {
        "Date": "2023/08/09",
        "ARIMA": 139.77860170701416
    },
    {
        "Date": "2023/08/10",
        "ARIMA": 138.05391850438627
    },
    {
        "Date": "2023/08/11",
        "ARIMA": 138.5311879054341
    },
    {
        "Date": "2023/08/14",
        "ARIMA": 138.6746384882976
    },
    {
        "Date": "2023/08/15",
        "ARIMA": 140.57705390748598
    },
    {
        "Date": "2023/08/16",
        "ARIMA": 137.71979921566214
    },
    {
        "Date": "2023/08/17",
        "ARIMA": 134.92617775007747
    },
    {
        "Date": "2023/08/18",
        "ARIMA": 134.15871883412157
    },
    {
        "Date": "2023/08/19",
        "ARIMA": 133.14068150549346
    },
    {
        "Date": "2023/08/20",
        "ARIMA": 133.26713496351994
    },
    {
        "Date": "2023/08/21",
        "ARIMA": 133.13950155853655
    },
    {
        "Date": "2023/08/22",
        "ARIMA": 133.1183638641956
    },
    {
        "Date": "2023/08/23",
        "ARIMA": 133.19512353105793
    },
    {
        "Date": "2023/08/24",
        "ARIMA": 133.19415788091717
    },
    {
        "Date": "2023/08/25",
        "ARIMA": 133.22
    }
]